[
    { "name": "SMA Negeri 1 Bandung", "city": "Bandung" },
    { "name": "SMA Negeri 2 Bandung", "city": "Bandung" },
    { "name": "SMA Negeri 5 Bandung", "city": "Bandung" },
    { "name": "SMK Negeri 1 Bandung", "city": "Bandung" },
    { "name": "SMA Negeri 6 Jakarta", "city": "Jakarta Selatan" },
    { "name": "SMA Labschool Kebayoran", "city": "Jakarta Selatan" },
    { "name": "SMA Negeri 8 Jakarta", "city": "Jakarta Selatan" },
    { "name": "SMA Negeri 28 Jakarta", "city": "Jakarta Selatan" },
    { "name": "SMA Negeri 39 Jakarta", "city": "Jakarta Timur" },
    { "name": "SMA Negeri 48 Jakarta", "city": "Jakarta Timur" },
    { "name": "SMK Negeri 26 Jakarta", "city": "Jakarta Timur" },
    { "name": "SMA Islam PB Soedirman 1", "city": "Jakarta Timur" }
]
